"","Variant","aa_subs"
"BA4_BA5","BA4_BA5","G9D S41F S43P S45F T46A D75N R78S K87N N110K L122R S147N T148K E154A F156V Q168R N171Y Y175H"
"Omicron","Omicron","G9D R16K S41L S43P S45F K87N N110K G116S S147N T148K E154A Q163R G166S Q168R N171Y Y175H"
"Mu","Mu","R16K V115- G116- E154K N171Y"
"Wuhan","Wuhan",""
"Kappa","Kappa","L122R E154Q"
"Gamma_V3","Gamma_V3","K87T E154K N171Y"
"Lambda","Lambda","V115- G116- L122Q F160S"
"Beta","Beta","K87N E154K N171Y"
"Epsilon","Epsilon","L38R V115- G116-"
"Delta","Delta","K87N L122R T148K"
"Alpha_V1","Alpha_V1","N171Y"
